,Scheduler Count,Avg RB Scheduled,Avg Throughput (Mbps),Max Delay,Avg Delay
UE0,3334,25,23.391728,2.0,2.0
UE1,3334,25,23.060416,2.0,2.0
UE2,3334,25,23.044464,2.0,2.0
UE3,3334,25,23.119264,2.0,2.0
UE4,3333,25,23.046576,2.0,2.0
UE5,3333,25,23.137576,2.0,2.0
UE6,3333,25,23.31624,2.0,2.0
UE7,3333,25,23.06728,2.0,2.0
UE8,3333,25,22.817392,2.0,2.0
UE9,3333,25,23.26056,2.0,2.0
UE10,3333,25,23.200888,2.0,2.0
UE11,3333,25,23.32272,2.0,2.0
